{"cameraMode":{"drawMode":0,"name":"Shaded","section":"Shading Mode"},"sceneLighting":true,"audioPlay":false,"sceneViewState":{"m_AlwaysRefresh":false,"showFog":false,"showSkybox":false,"showFlares":false,"showImageEffects":false,"showParticleSystems":false,"showVisualEffectGraphs":false,"m_FxEnabled":true},"in2DMode":false,"pivot":{"x":12.564594268798829,"y":-1.2447612285614014,"z":4.353939533233643},"rotation":{"x":0.2027939110994339,"y":-0.03053610399365425,"z":0.006330232135951519,"w":0.9787318110466003},"size":12.453292846679688,"orthographic":false}